Date,Open*,High,Low,Close**,Volume,Market Cap
7/17/2020,9133.72,9186.83,9089.81,9154.32,16500659022,1.6876E+11
7/18/2020,9154.31,9219.3,9121.1,9170.28,15638459043,1.69032E+11
7/19/2020,9170.3,9232.27,9101.35,9208.99,16085385662,1.69693E+11
7/20/2020,9208.99,9221.52,9131,9160.78,17080393205,1.68937E+11
7/21/2020,9160.78,9437.73,9152.8,9390,20048075731,1.73037E+11
7/22/2020,9390,9544,9261,9518.16,19702428931,1.7537E+11
7/23/2020,9518.16,9664,9440.33,9603.27,26966148756,1.76822E+11
7/24/2020,9603.27,9637,9463.44,9537.8,35810926085,1.75866E+11
7/25/2020,9538.1,9732.9,9513,9700.42,36726067828,1.78741E+11
7/26/2020,9700.42,10111,9650,9931.54,19713211085,1.83065E+11
7/27/2020,9931.54,11394.86,9917.21,11029.96,34694788844,2.02192E+11
7/28/2020,11029.96,11242.23,10565,10906.27,27637575180,2.01144E+11
7/29/2020,10906.27,11342.82,10812,11100.53,23642111784,2.0497E+11
7/30/2020,11100.52,11170,10831,11099.61,22265381996,2.05201E+11
7/31/2020,11099.79,11444,10960,11335.46,22329797905,2.08934E+11
8/1/2020,11335.46,11861,11220,11801.17,26198946496,2.17741E+11
8/2/2020,11801.17,12123.46,10518.5,11071.35,27584591853,2.04126E+11
8/3/2020,11071.36,11473,10936,11219.81,20583344057,2.07219E+11
8/4/2020,11219.68,11414.98,11000,11191.97,20527193171,2.06584E+11
8/5/2020,11191.99,11780.93,11093,11744.91,22359870185,2.16249E+11
8/6/2020,11744.91,11900,11562.5,11762.46,21793317051,2.17128E+11
8/7/2020,11762.47,11909.94,11322,11594.23,21624736673,2.13579E+11
8/8/2020,11594.36,11808.27,11512,11761.41,17286825185,2.16526E+11
8/9/2020,11761.02,11797.11,11521.97,11681.68,17051550191,2.15622E+11
8/10/2020,11681.69,12067.35,11450,11892.92,24145919191,2.1892E+11
8/11/2020,11892.9,11935,11125,11392.08,24448699831,2.10826E+11
8/12/2020,11392.09,11617.52,11150,11564.33,22803776235,2.13771E+11
8/13/2020,11564.34,11792.96,11270.36,11780,24755770184,2.17185E+11
8/14/2020,11779.77,11850,11634.03,11760.54,21650925952,2.16917E+11
8/15/2020,11760.55,11980,11680,11852.4,21285690553,2.1905E+11
8/16/2020,11852.4,11931.72,11686,11911,19209711614,2.19751E+11
8/17/2020,11910.99,12468,11769.78,12281.13,25481896191,2.26536E+11
8/18/2020,12281.15,12387.77,11817.93,11945.01,24825715159,2.2098E+11
8/19/2020,11945.1,12020.08,11561,11754.59,23384200656,2.1666E+11
8/20/2020,11754.38,11888,11668,11853.55,20353349055,2.19045E+11
8/21/2020,11853.54,11878,11485.81,11531.34,23406354443,2.12897E+11
8/22/2020,11531.23,11686,11376.81,11662.96,19572783954,2.15642E+11
8/23/2020,11663.51,11718.07,11514.13,11648.13,18467219109,2.15347E+11
8/24/2020,11648.12,11824.9,11585.09,11748.2,20061559392,2.17411E+11
8/25/2020,11748.19,11767.85,11117.64,11318.42,23423332919,2.09659E+11
8/26/2020,11318.42,11539.32,11244,11461.43,20869928786,2.11779E+11
8/27/2020,11461.42,11592.2,11125,11330.38,21595917446,2.08748E+11
8/28/2020,11330.38,11542.65,11276.89,11526.91,19271253871,2.128E+11
8/29/2020,11526.9,11580.02,11417.04,11465.84,18415439614,2.12115E+11
8/30/2020,11465.84,11719,11458,11711.16,19909556667,2.1618E+11
8/31/2020,11711.17,11800.77,11570,11649.51,21077276618,2.15922E+11
9/1/2020,11649.51,12050.85,11515,11921.97,25232603062,2.21316E+11
9/2/2020,11921.97,11954.57,11160.1,11388.54,26038738389,2.10746E+11
9/3/2020,11388.54,11462.6,9960.8,10140.85,49411126241,1.88438E+11
9/4/2020,10138.29,10627.05,9875.5,10446.25,27623487077,1.9404E+11
9/5/2020,10446.25,10565.68,9825,10166.69,56430042199,1.88092E+11
9/6/2020,10166.69,10347.14,9994.86,10256.2,28801019507,1.89621E+11
9/7/2020,10255.89,10410.75,9875,10373.44,26560146962,1.91502E+11
9/8/2020,10373.45,10438,9850,10126.65,47780699209,1.86825E+11
9/9/2020,10126.66,10343,9981.01,10219.2,21357083446,1.88758E+11
9/10/2020,10219.29,10483.35,10070.83,10336.87,77545788531,1.91181E+11
9/11/2020,10336.86,10397.6,10200,10387.89,20796810116,1.92112E+11
9/12/2020,10387.89,10477.97,10269.25,10440.92,19955498078,1.92998E+11
9/13/2020,10440.67,10580.11,10200,10332.83,21057424433,1.90923E+11
9/14/2020,10332.84,10750,10212.34,10671.77,23526143436,1.9701E+11
9/15/2020,10671.77,10930.04,10606.48,10785.31,23802088944,1.99044E+11
9/16/2020,10785.23,11093,10661.22,10954.01,24459086809,2.02524E+11
9/17/2020,10954.01,11045.46,10745.83,10939.99,23547167125,2.02358E+11
9/18/2020,10940,11038.03,10812.84,10933.39,20681771888,2.02091E+11
9/19/2020,10933.4,11179.79,10887.37,11080.65,18334274060,2.04994E+11
9/20/2020,11080.64,11080.64,10723,10920.28,20161733907,2.02033E+11
9/21/2020,10920.28,10988.86,10296.35,10417.22,23757059692,1.93678E+11
9/22/2020,10417.22,10572.71,10353,10529.61,19866578109,1.94731E+11
9/23/2020,10529.61,10537.15,10136.82,10241.46,19981974722,1.89121E+11
9/24/2020,10241.46,10795.24,10190.93,10736.32,21348447554,1.98514E+11
9/25/2020,10736.33,10760.53,10556.24,10686.67,19119761059,1.97617E+11
9/26/2020,10686.57,10820.94,10644.68,10728.6,16886146730,1.98687E+11
9/27/2020,10728.59,10799,10594.82,10774.25,17639951628,1.99236E+11
9/28/2020,10774.26,10950,10626,10696.12,19869963340,1.9772E+11
9/29/2020,10696.11,10867.54,10635.87,10840.48,18308943801,2.00533E+11
9/30/2020,10840.58,10849.34,10665.13,10776.59,18558607663,1.9931E+11
10/1/2020,10776.59,10920,10437,10619.13,20889752500,1.96617E+11
10/2/2020,10619.13,10664.64,10374,10570.4,21258724984,1.9566E+11
10/3/2020,10570.4,10603.56,10496.46,10542.06,16039831145,1.95188E+11
10/4/2020,10542.07,10696.87,10517.87,10666.63,16029160488,1.97495E+11
10/5/2020,10666.62,10798,10615.64,10792.21,17853484006,1.9953E+11
10/6/2020,10792.2,10800,10525,10599.66,19419734685,1.96314E+11
10/7/2020,10599.65,10681.87,10546.17,10666.39,17222472600,1.97576E+11
10/8/2020,10666.4,10950,10530.41,10925.57,19767968267,2.01519E+11
10/9/2020,10925.44,11104.64,10829,11050.64,19254933802,2.04809E+11
10/10/2020,11050.64,11491,11050.51,11293.22,19496631246,2.09269E+11
10/11/2020,11293.22,11445,11221,11369.02,16270141990,2.10799E+11
10/12/2020,11369.02,11720.01,11172,11528.25,20957733314,2.13726E+11
10/13/2020,11528.24,11557,11300,11420.56,19556025069,2.11576E+11
10/14/2020,11420.57,11547.98,11280,11417.89,20441486195,2.11756E+11
10/15/2020,11417.89,11617.34,11250.83,11505.12,20511481707,2.12878E+11
10/16/2020,11505.13,11541.15,11200,11319.32,20436703034,2.09993E+11
10/17/2020,11319.24,11402.42,11255,11360.2,15650920221,2.10422E+11
10/18/2020,11360.31,11505,11346.22,11503.14,15569792414,2.12752E+11
10/19/2020,11503.14,11823.99,11407.96,11751.47,18121468516,2.17391E+11
10/20/2020,11751.46,12038.38,11677.59,11909.99,21431994056,2.20405E+11
10/21/2020,11910,13217.68,11886.95,12780.96,29314287990,2.36717E+11
10/22/2020,12780.75,13185,12678.08,12968.52,25070864647,2.40258E+11
10/23/2020,12968.84,13027.69,12720.08,12923.07,21379873278,2.39591E+11
10/24/2020,12923.06,13166.73,12870,13111.73,19302801175,2.42785E+11
10/25/2020,13111.73,13350,12888,13028.83,18998745579,2.41327E+11
10/26/2020,13029.64,13238.81,12765,13052.19,21507619986,2.42141E+11
10/27/2020,13052.15,13789.29,13019.87,13636.17,23918511528,2.53005E+11
10/28/2020,13636.16,13859.48,12888,13266.4,26825856788,2.45662E+11
10/29/2020,13266.4,13642.91,12920.77,13455.7,22860841954,2.49545E+11
10/30/2020,13455.69,13669.98,13115,13560.1,23482756915,2.50845E+11
10/31/2020,13560.1,14100,13411.5,13791,22691200479,2.55329E+11
11/1/2020,13791,13895,13603,13761.5,19771957708,2.5426E+11
11/2/2020,13761.49,13830,13195.05,13549.37,22630851230,2.51266E+11
11/3/2020,13549.63,14066.11,13284.99,14023.53,22602862338,2.59277E+11
11/4/2020,14023.53,14259,13525,14144.01,25857225138,2.61104E+11
11/5/2020,14144.01,15750,14093.56,15590.02,36313255719,2.88118E+11
11/6/2020,15590.02,15960,15166,15579.92,34523587705,2.88563E+11
11/7/2020,15579.93,15753.52,14344.22,14818.3,30369855795,2.74688E+11
11/8/2020,14818.3,15650,14703.88,15475.1,24082570972,2.87116E+11
11/9/2020,15475.1,15840,14805.54,15328.41,29501754043,2.84292E+11
11/10/2020,15328.41,15460,15072.46,15297.21,21918753733,2.83242E+11
11/11/2020,15297.21,15965,15272.68,15684.24,23990613793,2.91215E+11
11/12/2020,15684.25,16340.7,15440.64,16291.86,28001128791,3.01529E+11
11/13/2020,16291.85,16480,15952.35,16320.7,24826304420,3.02673E+11
11/14/2020,16320.04,16326.99,15670,16070.45,22096608221,2.98291E+11
11/15/2020,16069.56,16180,15774.72,15957,19184714603,2.96277E+11
11/16/2020,15957,16880,15864,16713.57,24606359052,3.09858E+11
11/17/2020,16713.08,17858.82,16538,17659.38,31572384446,3.27449E+11
11/18/2020,17659.38,18476.93,17214.45,17776.12,40089857655,3.30792E+11
11/19/2020,17777.75,18179.8,17335.65,17802.82,30586797552,3.30526E+11
11/20/2020,17802.81,18815.22,17740.04,18655.67,28731271104,3.45552E+11
11/21/2020,18655.66,18965.9,18308.58,18703.8,31201880852,3.46624E+11
11/22/2020,18703.8,18750,17610.86,18414.43,33010231294,3.42078E+11
11/23/2020,18413.88,18766,18000,18368,33389683851,3.40635E+11
11/24/2020,18368.01,19418.97,18018,19160.01,49429532567,3.5421E+11
11/25/2020,19160,19484.21,18500.27,18719.11,32146102840,3.48158E+11
11/26/2020,18718.83,18915.03,16188,17149.47,48738957777,3.17999E+11
11/27/2020,17149.47,17457.62,16438.08,17139.52,30680336583,3.18057E+11
11/28/2020,17139.53,17880.49,16865.56,17719.85,24501260966,3.28813E+11
11/29/2020,17719.84,18360.05,17517,18184.99,23940328529,3.36495E+11
11/30/2020,18185,19863.16,18184.99,19695.87,36160827241,3.63928E+11
12/1/2020,19695.87,19888,18001.12,18764.96,38614628144,3.49588E+11
12/2/2020,18764.96,19342,18330,19204.09,28923102075,3.56518E+11
12/3/2020,19204.08,19598,18867.2,19421.9,24342606871,3.60662E+11
12/4/2020,19422.34,19527,18565.31,18650.52,26369871383,3.4785E+11
12/5/2020,18650.51,19177,18500,19147.66,23333284386,3.55245E+11
12/6/2020,19147.66,19420,18857,19359.4,21832193873,3.58762E+11
12/7/2020,19358.67,19420.91,18902.88,19166.9,22034483384,3.56588E+11
12/8/2020,19166.9,19294.84,18200,18324.11,26799991796,3.40435E+11
12/9/2020,18324.11,18639.57,17650,18541.28,29806757749,3.44693E+11
12/10/2020,18541.29,18557.32,17911.12,18254.63,24092658534,3.39715E+11
12/11/2020,18254.81,18292.73,17572.33,18036.53,26080197328,3.35311E+11
12/12/2020,18036.53,18948.66,18020.7,18808.69,21918803314,3.49236E+11
12/13/2020,18808.69,19411,18711.12,19174.99,23550581096,3.55643E+11
12/14/2020,19174.99,19349,19000,19273.14,21638023120,3.57681E+11
12/15/2020,19273.69,19570,19050,19426.43,24173322660,3.60543E+11
12/16/2020,19426.43,21560,19278.6,21335.52,39062639738,3.9618E+11
12/17/2020,21335.52,23800,21230,22797.16,60693764159,4.23588E+11
12/18/2020,22797.15,23285.18,22350,23107.39,37000188847,4.2946E+11
12/19/2020,23107.39,24171.47,22750,23821.61,35252972900,4.43289E+11
12/20/2020,23821.6,24295,23060,23455.52,32907758818,4.36893E+11
12/21/2020,23455.54,24102.77,21815,22719.71,38423396405,4.2433E+11
12/22/2020,22719.88,23837.1,22353.4,23810.79,38733771616,4.41753E+11
12/23/2020,23810.79,24100,22600,23232.76,42917744240,4.33052E+11
12/24/2020,23232.39,23794.43,22703.42,23729.2,36826373659,4.41615E+11
12/25/2020,23728.99,24789.86,23433.6,24712.47,36622874230,4.58416E+11
12/26/2020,24712.47,26867.03,24500,26493.39,41995154623,4.91979E+11
12/27/2020,26493.4,28422,25700,26281.66,56654980596,4.93427E+11
12/28/2020,26281.54,27500,26101,27079.41,42186521237,5.03712E+11
12/29/2020,27079.42,27410,25880,27385,38081840206,5.0968E+11
12/30/2020,27385,28996,27320,28875.54,43341140482,5.35967E+11
12/31/2020,28875.55,29300,27850,28923.63,43503516563,5.39438E+11
1/1/2021,28923.63,29600,28624.57,29331.69,34089717988,5.45593E+11
1/2/2021,29331.7,33300,28946.53,32178.33,57273436641,5.97888E+11
1/3/2021,32176.45,34778.11,31962.99,33000.05,1.78894E+11,6.13617E+11
1/4/2021,33000.05,33600,28130,31988.71,74657165356,5.85726E+11
1/5/2021,31989.75,34360,29900,33949.53,67420500716,6.33652E+11
1/6/2021,33949.53,36939.21,33288,36769.36,71027195898,6.82744E+11
1/7/2021,36769.36,40365,36300,39432.28,78642959829,7.3534E+11
1/8/2021,39432.48,41950,36500,40582.81,82846468856,7.58971E+11
1/9/2021,40586.96,41380,38720,40088.22,55921808672,7.49347E+11
1/10/2021,40088.22,41350,35111.11,38150.02,73381123613,7.14079E+11
1/11/2021,38150.02,38264.74,30420,35404.47,1.11692E+11,6.63381E+11
1/12/2021,35410.37,36628,32531,34051.24,68954134557,6.29752E+11
1/13/2021,34049.15,37850,32380,37371.38,65278944794,6.96669E+11
1/14/2021,37371.38,40100,36701.23,39144.5,57519444622,7.29751E+11
1/15/2021,39145.21,39747.76,34408,36742.22,63450740093,6.84305E+11
1/16/2021,36737.43,37950,35357.8,35994.98,55054325262,6.74661E+11
1/17/2021,35994.98,36852.5,33850,35828.61,50749258739,6.72292E+11
1/18/2021,35824.99,37469.83,34800,36631.27,46769030147,6.82647E+11
1/19/2021,36622.46,37850,35844.06,35891.49,51736994549,6.71735E+11
1/20/2021,35901.94,36415.31,33400,35468.23,58406615612,6.62434E+11
1/21/2021,35468.23,35600,30071,30850.13,69415314298,5.75206E+11
1/22/2021,30851.99,33826.53,28850,32945.17,69549742252,6.13271E+11
1/23/2021,32950,33456,31390.16,32078,43575409685,5.96744E+11
1/24/2021,32078,33071,30900,32259.9,42810544126,6.00595E+11
1/25/2021,32259.45,34875,31910,32254.2,50410553261,6.02518E+11
1/26/2021,32254.19,32921.88,30837.37,32467.77,48489676580,6.06574E+11
1/27/2021,32464.01,32557.29,29241.72,30366.15,51514291052,5.66661E+11
1/28/2021,30362.19,33783.98,29842.1,33364.86,51075972572,6.16625E+11
1/29/2021,33368.18,38531.9,31915.4,34252.2,97468515525,6.35689E+11
1/30/2021,34246.28,34933,32825,34262.88,52001249491,6.36625E+11
1/31/2021,34262.89,34342.69,32171.67,33092.98,42488649643,6.15014E+11
2/1/2021,33092.97,34717.27,32296.16,33526.37,49268860243,6.21908E+11
2/2/2021,33517.09,35984.33,33418,35466.24,50730704377,6.60664E+11
2/3/2021,35472.71,37662.63,35362.38,37618.87,49762137494,6.95795E+11
2/4/2021,37620.26,38708.27,36161.95,36936.66,54494811707,6.86454E+11
2/5/2021,36936.65,38310.12,36570,38290.24,47446256482,7.0632E+11
2/6/2021,38289.32,40955.51,38215.94,39186.94,57076868562,7.32453E+11
2/7/2021,39181.01,39700,37351,38795.69,53802559039,7.23435E+11
2/8/2021,38795.69,46794.45,37988.89,46374.87,86994225365,8.62414E+11
2/9/2021,46374.86,48142.19,44961.09,46420.42,78828431117,8.67165E+11
2/10/2021,46420.42,47310,43727,44807.58,70000356396,8.39561E+11
2/11/2021,44807.58,48678.9,43994.02,47969.51,66187179919,8.90629E+11
2/12/2021,47968.66,48985.8,46125,47287.6,61942185129,8.80621E+11
2/13/2021,47298.15,48150,46202.53,47153.69,55312381649,8.74425E+11
2/14/2021,47156.78,49707.43,47014.17,48577.79,57738376570,9.05515E+11
2/15/2021,48580.47,49010.92,45570.79,47911.1,61061855794,8.92345E+11
2/16/2021,47911.1,50689.18,47003.62,49133.45,64141133354,9.1734E+11
2/17/2021,49133.45,52618.74,48947,52119.71,68478739131,9.71517E+11
2/18/2021,52117.67,52530,50901.9,51552.6,58486508606,9.63911E+11
2/19/2021,51552.61,56368,50710.2,55906,71397235197,1.04419E+12
2/20/2021,55906,57700.46,53863.93,55841.19,77351787996,1.05056E+12
2/21/2021,55841.19,58352.8,55477.59,57408.57,61223272211,1.07538E+12
2/22/2021,57412.35,57508.47,47622,54087.67,1.01532E+11,1.01209E+12
2/23/2021,54087.67,54183.59,44892.56,48891,1.1669E+11,9.04134E+11
2/24/2021,48891,51374.99,46988.69,49676.2,73140585469,9.29082E+11
2/25/2021,49676.21,52041.73,46674.34,47073.73,60355381276,8.75884E+11
2/26/2021,47073.73,48424.11,44106.78,46276.87,74357197464,8.69071E+11
2/27/2021,46276.88,48394,45000,46106.43,50989764249,8.6965E+11
2/28/2021,46103.67,46638.46,43000,45135.66,59679588927,8.38308E+11
3/1/2021,45134.11,49790,44950.53,49587.03,63218569172,9.28147E+11
3/2/2021,49595.76,50200,47047.6,48440.65,53499537417,9.05413E+11
3/3/2021,48436.61,52640,48100.71,50349.37,59212268141,9.4297E+11
3/4/2021,50349.37,51773.88,47500,48374.09,60749587836,9.08517E+11
3/5/2021,48374.09,49448.93,46300,48751.71,56568112294,9.11379E+11
3/6/2021,48746.81,49200,47070,48882.2,41478786533,9.16505E+11
3/7/2021,48882.2,51450.03,48882.2,50971.75,46146324828,9.55041E+11
3/8/2021,50959.11,52402.78,49274.67,52375.17,53568946626,9.74195E+11
3/9/2021,52375.18,54895,51789.41,54884.5,57418251743,1.01898E+12
3/10/2021,54874.67,57387.69,53005,55851.59,63560545037,1.04481E+12
3/11/2021,55851.59,58150,54272.82,57773.16,64605228618,1.07784E+12
3/12/2021,57773.15,58081.51,54962.84,57221.72,59984971692,1.06978E+12
3/13/2021,57221.72,61844,56078.23,61188.39,67332756651,1.14519E+12
3/14/2021,61188.38,61724.79,58966.78,58968.31,48104078384,1.11168E+12
3/15/2021,58976.08,60633.43,54600,55605.2,70594488700,1.0492E+12
3/16/2021,55605.2,56938.29,53271.34,56900.75,63219904254,1.06022E+12
3/17/2021,56900.74,58974.73,54123.69,58912.97,63368268626,1.10103E+12
3/18/2021,58912.97,60129.97,57023,57648.16,58387006276,1.08107E+12
3/19/2021,57641,59468,56270.74,58030.01,51948388931,1.08674E+12
3/20/2021,58030.01,59880,57820.17,58102.28,54549112636,1.09002E+12
3/21/2021,58100.02,58589.1,55450.11,57351.56,55664123838,1.07436E+12
3/22/2021,57351.56,58430.73,53650,54083.25,62001716795,1.02064E+12
3/23/2021,54083.25,55830.9,53000,54340.89,60383378707,1.01764E+12
3/24/2021,54342.8,57200,51700,52303.65,73029051195,9.82797E+11
3/25/2021,52303.66,53287,50427.56,51293.78,63401640503,9.59155E+11
3/26/2021,51293.78,55073.46,51214.6,55025.59,55442557956,1.02721E+12
3/27/2021,55025.59,56700.36,53950,55817.14,47285749219,1.04218E+12
3/28/2021,55817.14,56559.75,54691.84,55777.63,49315845081,1.03933E+12
3/29/2021,55777.65,58405.82,54800.01,57635.47,57387039705,1.07594E+12
3/30/2021,57635.46,59368,57071.35,58746.57,52387542501,1.09529E+12
3/31/2021,58746.57,59800,56769,58740.55,57495844478,1.09813E+12
4/1/2021,58739.46,59490,57935.45,58720.44,54320681401,1.09858E+12
4/2/2021,58720.45,60200,58428.57,58950.01,52224918752,1.10313E+12
4/3/2021,58950.01,59791.72,56880,57051.94,52067853988,1.0671E+12
4/4/2021,57051.95,58492.85,56388,58202.01,46156767978,1.08734E+12
4/5/2021,58202.01,59272,56777.77,59129.99,54670173277,1.0962E+12
4/6/2021,59129.99,59495.24,57413.02,57991.15,61497704158,1.08434E+12
4/7/2021,57990.03,58655,55473,55953.45,67617613532,1.05076E+12
4/8/2021,55953.44,58153.31,55700,58077.52,48714359354,1.08336E+12
4/9/2021,58077.52,58894.9,57654,58142.54,45880879042,1.08579E+12
4/10/2021,58142.55,61500,57900.01,59769.13,61788197399,1.11622E+12
4/11/2021,59769.13,60699,59232.52,60002.43,46792500387,1.12061E+12
4/12/2021,59998.8,61300,59350.59,59860,55994558889,1.11853E+12
4/13/2021,59860.01,63777.77,59805.15,63575,71993120011,1.18774E+12
4/14/2021,63575.01,64854,61301,62959.53,80157135508,1.17341E+12
4/15/2021,62959.53,63800,62020,63159.98,60495376851,1.17956E+12
4/16/2021,63158.74,63520.61,60000,61334.8,86260673270,1.1496E+12
4/17/2021,61334.81,62506.05,59580.91,60006.66,63808212133,1.12559E+12
4/18/2021,60006.67,60499,50931.3,56150.01,1.02066E+11,1.05362E+12
4/19/2021,56150.01,57526.81,54221.58,55633.14,66156275210,1.04315E+12
4/20/2021,55633.14,57076.24,53329.96,56425,68166802216,1.05515E+12
4/21/2021,56425,56757.91,53536.02,53787.63,56115370322,1.0127E+12
4/22/2021,53787.62,55521.48,50500,51690.96,77897442832,9.71175E+11
4/23/2021,51690.95,52131.85,47500,51125.14,91138220375,9.56744E+11
4/24/2021,51110.56,51166.22,48657.14,50047.84,49296256746,9.37015E+11
4/25/2021,50047.84,50567.91,46930,49066.77,46233432154,9.15534E+11
4/26/2021,49066.76,54356.62,48753.44,54001.39,60226926860,1.00839E+12
4/27/2021,54001.38,55460,53222,55011.97,48468560013,1.02762E+12
4/28/2021,55011.97,56428,53813.16,54846.22,48072930663,1.02463E+12
4/29/2021,54846.23,55195.84,52330.94,53555,46958036373,1.00197E+12
4/30/2021,53555,57963,53013.01,57694.27,53879045974,1.08272E+12
5/1/2021,57697.25,58458.07,56956.14,57800.37,43967070046,1.0809E+12
5/2/2021,57797.35,57911.02,56035.25,56578.21,39072664394,1.05785E+12
5/3/2021,56578.21,58981.44,56435,57169.39,54132470274,1.06957E+12
5/4/2021,57169.39,57200,53046.69,53200.01,71296763919,9.99775E+11
5/5/2021,53205.05,58069.82,52900,57436.11,72158368258,1.07097E+12
5/6/2021,57436.11,58360,55200,56393.68,87510802711,1.0568E+12
5/7/2021,56393.68,58650,55241.63,57314.75,68154805947,1.07283E+12
5/8/2021,57315.49,59500,56900,58862.05,66812167538,1.09927E+12
5/9/2021,58866.53,59300,56235.66,58240.84,67906284081,1.0889E+12
5/10/2021,58240.83,59500,53400,55816.14,76672978748,1.04571E+12
5/11/2021,55816.14,56862.43,54370,56670.02,67726708141,1.06499E+12
5/12/2021,56670.02,58000.01,48600,49631.32,75523928654,9.35512E+11
5/13/2021,49537.15,51367.19,46000,49670.97,1.04204E+11,9.34965E+11
5/14/2021,49671.92,51483,48799.75,49841.45,56820196965,9.35963E+11
5/15/2021,49844.16,50700,46555,46762.99,62896879696,8.75321E+11
5/16/2021,46762.99,49795.89,43825.39,46431.5,70636455914,8.71696E+11
5/17/2021,46426.83,46686,42001,43538.04,84054878924,8.19257E+11
5/18/2021,43538.02,45799.29,42250.02,42849.78,65037066859,8.00545E+11
5/19/2021,42849.78,43584.9,30000,36690.09,1.41151E+11,6.97785E+11
5/20/2021,36671.23,42451.67,34850,40526.64,95001812131,7.59679E+11
5/21/2021,40525.39,42200,33488,37252.01,88706010988,6.98763E+11
5/22/2021,37263.35,38829,35200.62,37449.73,61178935274,7.02144E+11
5/23/2021,37458.51,38270.64,31111.01,34655.25,84358034876,6.54559E+11
5/24/2021,34681.44,39920,34031,38796.29,71163197727,7.23143E+11
5/25/2021,38810.99,39791.77,36419.62,38324.72,48724794158,7.15249E+11
5/26/2021,38324.72,40841,37800.44,39241.91,47026386118,7.37669E+11
5/27/2021,39241.92,40411.14,37134.27,38529.98,40836817156,7.23137E+11
5/28/2021,38529.99,38877.83,34684,35663.49,49991590068,6.68522E+11
5/29/2021,35661.79,37338.58,33632.76,34605.15,43184025045,6.5424E+11
5/30/2021,34605.15,36488,33379,35641.27,30650274658,6.68664E+11
5/31/2021,35641.26,37499,34153.84,37253.81,37950798680,6.99139E+11
6/1/2021,37253.82,37894.81,35666,36693.09,33536905028,6.88726E+11
6/2/2021,36694.85,38225,35920,37568.68,31240691604,7.04531E+11
6/3/2021,37568.68,39476,37170,39246.79,33396718845,7.33151E+11
6/4/2021,39246.78,39289.07,35555.15,36829,39345490149,6.91747E+11
6/5/2021,36829.15,37925,34800,35513.2,34068172836,6.62913E+11
6/6/2021,35516.07,36480,35222,35796.31,27689283071,6.71131E+11
6/7/2021,35796.31,36900,33300,33552.79,33345528753,6.26527E+11
6/8/2021,33556.96,34068.01,31000,33380.81,46727462986,6.29019E+11
6/9/2021,33380.8,37534.79,32396.82,37388.05,54511387836,7.05293E+11
6/10/2021,37388.05,38491,35782,36675.72,42952476855,6.91682E+11
6/11/2021,36677.83,37680.4,35936.77,37331.98,36358044263,6.98528E+11
6/12/2021,37331.98,37463.63,34600.36,35546.11,35710196743,6.68149E+11
6/13/2021,35546.12,39380,34757,39020.57,38185633278,7.33403E+11
6/14/2021,39020.56,41064.05,38730,40516.29,45836408439,7.61104E+11
6/15/2021,40516.28,41330,39506.4,40144.04,36706248352,7.56522E+11
6/16/2021,40143.8,40527.14,38116.01,38349.01,36563438890,7.18016E+11
6/17/2021,38349,39559.88,37365,38092.97,36330237284,7.15652E+11
6/18/2021,38092.97,38202.84,35129.29,35819.84,35162612173,6.73762E+11
6/19/2021,35820.48,36457,34803.52,35483.72,28858979692,6.66901E+11
6/20/2021,35483.72,36137.72,33336,35600.16,35609127164,6.70634E+11
6/21/2021,35600.17,35750,31251.23,31608.93,51873870277,5.98336E+11
6/22/2021,31614.12,33298.78,28805,32509.56,57443014758,6.0658E+11
6/23/2021,32509.56,34881,31683,33678.07,39798236962,6.31635E+11
6/24/2021,33675.07,35298,32286.57,34663.09,31862051544,6.5034E+11
6/25/2021,34663.08,35500,31275,31584.45,38635245431,5.98703E+11
6/26/2021,31576.09,32730,30151,32283.65,36873109420,6.00235E+11
6/27/2021,32283.65,34749,31973.45,34700.34,34335452117,6.49262E+11
6/28/2021,34702.49,35297.71,33862.72,34494.89,32453802891,6.47741E+11
6/29/2021,34494.89,36600,34225.43,35911.73,35121257876,6.74231E+11
6/30/2021,35911.72,36100,34017.55,35045,31024153847,6.602E+11
7/1/2021,35045,35057.57,32711,33504.69,29129630236,6.29864E+11
7/2/2021,33502.33,33977.04,32699,33786.55,25084046353,6.33684E+11
7/3/2021,33786.54,34945.61,33316.73,34669.13,22986053605,6.50382E+11
7/4/2021,34669.12,35967.85,34357.15,35286.51,22727930418,6.63572E+11
7/5/2021,35288.13,35293.78,33125.55,33690.14,25894820185,6.36062E+11
7/6/2021,33690.15,35118.88,33532,34220.01,26106856612,6.40406E+11
7/7/2021,34220.02,35059.09,33777.77,33862.12,23692220470,6.36247E+11
7/8/2021,33862.11,33929.64,32077,32875.71,29065577052,6.17862E+11
7/9/2021,32875.71,34100,32261.07,33815.81,24282108111,6.37E+11
7/10/2021,33815.81,34262,33004.78,33502.87,20558304484,6.32186E+11
7/11/2021,33502.87,34666,33306.47,34258.99,17798828844,6.43336E+11
7/12/2021,34259,34678.43,32658.34,33086.63,21683885321,6.23351E+11
7/13/2021,33086.94,33340,32202.25,32729.77,19932531700,6.13002E+11
7/14/2021,32729.12,33114.03,31550,32820.02,21779069066,6.16691E+11
7/15/2021,32820.03,33185.25,31133,31880,21557729227,5.95342E+11
7/16/2021,31874.49,32249.18,31020,31383.87,22671859963,5.88495E+11
7/17/2021,31383.86,31955.92,31164.31,31520.07,17715455995,5.92582E+11
7/18/2021,31520.07,32435,31108.97,31778.56,17742105808,5.97872E+11
7/19/2021,31778.57,31899,30407.44,30839.65,20095540828,5.80252E+11
7/20/2021,30839.65,31063.07,29278,29790.35,23000299062,5.61743E+11
7/21/2021,29790.34,32858,29482.61,32144.51,29070652060,6.05357E+11
7/22/2021,32144.51,32591.35,31708,32287.83,19741588059,6.07622E+11
7/23/2021,32287.58,33650,31924.32,33634.09,22937379735,6.27747E+11
7/24/2021,33634.1,34500,33401.14,34258.14,22120323672,6.42013E+11
7/25/2021,34261.51,35398,33851.12,35381.02,20929083221,6.64681E+11
7/26/2021,35381.02,40550,35205.78,37237.6,53550491998,7.01921E+11
7/27/2021,37241.33,39542.61,36383,39457.87,36401287454,7.32312E+11
7/28/2021,39456.61,40900,38772,40019.56,41369107423,7.51371E+11
7/29/2021,40019.57,40640,39200,40016.48,28717414113,7.50408E+11
7/30/2021,40018.49,42316.71,38313.23,42206.37,35530501783,7.86532E+11
7/31/2021,42206.36,42448,41000.15,41461.83,28437941447,7.84039E+11
8/1/2021,41461.84,42599,39422.01,39845.44,28555173662,7.47404E+11
8/2/2021,39850.27,40480.01,38690,39147.82,28057528866,7.3744E+11
8/3/2021,39146.86,39780,37642.03,38207.05,28422901237,7.20835E+11
8/4/2021,38207.04,39969.66,37508.56,39723.18,27751046040,7.47086E+11
8/5/2021,39723.17,41350,37332.7,40862.46,38527930905,7.68416E+11
8/6/2021,40862.46,43392.43,39853.86,42836.87,40840608017,8.03853E+11
8/7/2021,42836.87,44700,42446.41,44572.54,42725276705,8.38457E+11
8/8/2021,44572.54,45310,43261,43794.37,39633218479,8.21705E+11
8/9/2021,43794.36,46454.15,42779,46253.4,42726733998,8.61863E+11
8/10/2021,46248.87,46700,44589.46,45584.99,35669862362,8.54345E+11
8/11/2021,45585,46743.47,45341.14,45511,35679832771,8.57661E+11
8/12/2021,45510.67,46218.12,43770,44399,35838614930,8.36055E+11
8/13/2021,44400.06,47886,44217.39,47800,34320865037,8.95084E+11
8/14/2021,47799.99,48144,45971.03,47068.51,33294851811,8.86594E+11
8/15/2021,47068.5,47372.27,45500,46973.82,32863850458,8.82888E+11
8/16/2021,46973.82,48053.83,45660,45901.29,34221605780,8.66391E+11
8/17/2021,45901.3,47160,44376,44695.95,34488116651,8.36777E+11
8/18/2021,44695.95,46000,44203.28,44705.29,34668999388,8.47143E+11
8/19/2021,44699.37,47033,43927.7,46760.62,38434805723,8.67651E+11
8/20/2021,46760.62,49382.99,46622.99,49322.47,36497089237,9.23013E+11
8/21/2021,49322.47,49757.04,48222,48821.87,42147725293,9.2075E+11
8/22/2021,48821.88,49500,48050,49239.22,27110183703,9.2563E+11
8/23/2021,49239.22,50500,49029,49488.85,35800255386,9.30729E+11
8/24/2021,49488.85,49860,47600,47674.01,38387146175,9.0249E+11
8/25/2021,47674.01,49264.3,47126.28,48973.32,33517327124,9.21328E+11
8/26/2021,48973.32,49352.84,46250,46843.87,33774857003,8.87832E+11
8/27/2021,46843.86,49149.93,46348,49069.9,34607868773,9.2297E+11
8/28/2021,49069.9,49299,48346.88,48895.35,28491785397,9.20018E+11
8/29/2021,48895.35,49632.27,47762.54,48767.83,26244843558,9.19515E+11
8/30/2021,48767.84,48888.61,46853,46982.91,32326073272,8.85729E+11
8/31/2021,46982.91,48246.11,46700,47100.89,34868965959,8.90015E+11
9/1/2021,47100.89,49156,46512,48810.52,39060601275,9.18058E+11
9/2/2021,48810.51,50450.13,48584.06,49246.64,39362789535,9.27323E+11
9/3/2021,49246.63,51000,48316.84,49999.14,42934455726,9.37296E+11
9/4/2021,49998,50535.69,49370,49915.64,36985805207,9.40539E+11
9/5/2021,49917.54,51900,49450,51756.88,31765191430,9.71284E+11
9/6/2021,51756.88,52780,50969.33,52663.9,37532574717,9.92869E+11
9/7/2021,52666.2,52920,42843.05,46863.73,64010507329,8.81944E+11
9/8/2021,46868.57,47340.99,44412.02,46048.31,48151104381,8.66886E+11
9/9/2021,46048.31,47399.97,45513.08,46395.14,38581092904,8.76179E+11
9/10/2021,46395.14,47033,44132.29,44850.91,38051987740,8.42223E+11
9/11/2021,44842.2,45987.93,44722.22,45173.69,34160277726,8.49828E+11
9/12/2021,45173.68,46460,44742.06,46025.24,27585855039,8.69123E+11
9/13/2021,46025.23,46880,43370,44940.73,40683028028,8.48993E+11
9/14/2021,44940.72,47250,44594.44,47111.52,38645575966,8.86524E+11
9/15/2021,47103.28,48500,46682.32,48121.41,30037816650,9.06728E+11
9/16/2021,48121.4,48557,47021.1,47737.82,31578783375,9.00991E+11
9/17/2021,47737.81,48150,46699.56,47299.98,27731209179,8.92585E+11
9/18/2021,47299.98,48843.2,47035.56,48292.74,27630476158,9.07957E+11
9/19/2021,48292.75,48372.83,46829.18,47241.75,26163167369,8.9156E+11
9/20/2021,47241.75,47347.25,42500,43015.62,41220025454,8.05826E+11
9/21/2021,43016.64,43639,39600,40734.38,45940419565,7.60802E+11
9/22/2021,40734.09,44000.55,40565.39,43543.61,36624234960,8.20461E+11
9/23/2021,43546.37,44978,43069.09,44865.26,33594750550,8.46616E+11
9/24/2021,44865.26,45200,40675,42810.57,42973070343,8.09772E+11
9/25/2021,42810.58,42966.84,41646.28,42670.64,30898116660,8.08279E+11
9/26/2021,42670.63,43950,40750,43160.9,30462815705,8.25341E+11
9/27/2021,43160.9,44350,42098,42147.35,30483144439,7.9489E+11
9/28/2021,42147.35,42787.38,40888,41026.54,29691944223,7.75534E+11
9/29/2021,41025.01,42590,40753.88,41524.28,30068690312,7.82626E+11
9/30/2021,41524.29,44141.37,41410.17,43824.1,30859918335,8.27841E+11
10/1/2021,43820.01,48495,43283.03,48141.61,42089383190,9.0693E+11
10/2/2021,48141.6,48336.59,47430.18,47634.9,29742127388,9.00582E+11
10/3/2021,47634.89,49228.08,47088,48200.01,26034594562,9.10331E+11
10/4/2021,48200.01,49536.12,46891,49224.94,32691763060,9.27812E+11
10/5/2021,49224.93,51886.3,49022.4,51471.99,35480330025,9.73041E+11
10/6/2021,51471.99,55750,50382.41,55315,48462388016,1.04468E+12
10/7/2021,55315,55332.31,53357,53785.22,36549815857,1.01525E+12
10/8/2021,53785.22,56100,53617.61,53951.43,33935485257,1.01665E+12
10/9/2021,53955.67,55489,53661.67,54949.72,31927344846,1.03852E+12
10/10/2021,54949.72,56561.31,54080,54659,38579271671,1.03079E+12
10/11/2021,54659.01,57839.04,54415.06,57471.35,41913482915,1.08474E+12
10/12/2021,57471.35,57680,53879,55996.93,40021384611,1.06183E+12
10/13/2021,55996.91,57777,54167.19,57367,41216945749,1.08337E+12
10/14/2021,57370.83,58532.54,56818.05,57347.94,35994603913,1.0829E+12
10/15/2021,57347.94,62933,56850,61672.42,53653355008,1.16478E+12
10/16/2021,61672.42,62378.42,60150,60875.57,35385452269,1.15385E+12
10/17/2021,60875.57,61718.39,58963,61528.33,29625957542,1.16065E+12
10/18/2021,61528.32,62695.78,59844.45,62009.84,39610183787,1.17394E+12
10/19/2021,62005.6,64486,61322.22,64280.59,42550624869,1.21758E+12
10/20/2021,64280.59,67000,63481.4,66001.41,40790757382,1.25038E+12
10/21/2021,66001.4,66639.74,62000,62193.15,48709960686,1.17893E+12
10/22/2021,62193.15,63732.39,60000,60688.22,40766460605,1.15151E+12
10/23/2021,60688.23,61747.64,59562.15,61286.75,28505039148,1.16117E+12
10/24/2021,61286.75,61500,59510.63,60852.22,29982535557,1.15332E+12
10/25/2021,60852.22,63710.63,60650,63078.78,30852852368,1.19213E+12
10/26/2021,63078.78,63293.48,59817.55,60328.81,33233702858,1.1435E+12
10/27/2021,60328.81,61496,58000,58413.44,43976252157,1.10575E+12
10/28/2021,58413.44,62499,57820,60575.89,52318597557,1.14591E+12
10/29/2021,60575.9,62980,60174.81,62253.71,38648967245,1.17805E+12
10/30/2021,62253.7,62359.25,60673,61859.19,31810216330,1.16642E+12
10/31/2021,61859.19,62405.3,59945.36,61299.8,32494948461,1.15984E+12
11/1/2021,61299.81,62437.74,59405,60911.11,35834742028,1.15283E+12
11/2/2021,60911.12,64270,60624.68,63219.99,37335066460,1.18695E+12
11/3/2021,63220.57,63500,60382.76,62896.48,36561444797,1.18705E+12
11/4/2021,62896.49,63086.31,60677.01,61395.01,33152275947,1.1571E+12
11/5/2021,61395.01,62595.72,60721,60937.12,31182137448,1.15453E+12
11/6/2021,60940.18,61560.49,60050,61470.61,31423601393,1.16249E+12
11/7/2021,61470.62,63286.35,61322.78,63273.59,24877902990,1.19163E+12
11/8/2021,63273.58,67789,63273.58,67525.83,1.05426E+11,1.2788E+12
11/9/2021,67525.82,68524.25,66222.4,66947.66,41207912438,1.26812E+12
11/10/2021,66947.67,69000,62822.9,64882.43,48648563669,1.22168E+12
11/11/2021,64882.42,65600.07,64100,64774.26,35457583783,1.22861E+12
11/12/2021,64774.25,65450.7,62278,64122.23,36872626218,1.21593E+12
11/13/2021,64122.22,65000,63360.22,64380,29677693457,1.2203E+12
11/14/2021,64380.01,65550.51,63576.27,65519.1,26088449437,1.23902E+12
11/15/2021,65519.11,66401.82,63400,63606.74,32107212452,1.20671E+12
11/16/2021,63606.73,63617.31,58574.07,60058.87,48978396011,1.14191E+12
11/17/2021,60058.87,60840.23,58373,60344.87,39200729529,1.13814E+12
11/18/2021,60344.86,60976,56474.26,56891.62,41828523862,1.07576E+12
11/19/2021,56891.62,58320,55600,58052.24,37851259606,1.10359E+12
11/20/2021,58057.1,59845,57353,59707.51,29676550712,1.1343E+12
11/21/2021,59707.52,60029.76,58486.65,58622.02,25743426947,1.12061E+12
11/22/2021,58617.7,59444,55610,56247.18,34001467919,1.06462E+12
11/23/2021,56243.83,58009.99,55317,57541.27,36421192857,1.09038E+12
11/24/2021,57541.26,57735,55837,57138.29,31695369988,1.08004E+12
11/25/2021,57138.29,59398.9,57000,58960.36,33721097081,1.11218E+12
11/26/2021,58960.37,59150,53500,53726.53,41325811946,1.01649E+12
11/27/2021,53723.72,55280,53610,54721.03,28256851068,1.03078E+12
11/28/2021,54716.47,57445.05,53256.64,57274.88,27659464987,1.08098E+12
11/29/2021,57274.89,58865.97,56666.67,57776.25,30985196647,1.09257E+12
11/30/2021,57776.25,59176.99,55875.55,56950.56,35723038604,1.0768E+12
12/1/2021,56950.56,59053.55,56458.01,57184.07,49383073891,1.07984E+12
12/2/2021,57184.07,57375.47,55777.77,56480.34,36296342257,1.06741E+12
12/3/2021,56484.26,57600,51680,53601.05,39527112726,1.01604E+12
12/4/2021,53601.05,53859.1,42000.3,49152.47,55941408415,9.30097E+11
12/5/2021,49152.46,49699.05,47727.21,49396.33,32826574574,9.32015E+11
12/6/2021,49396.32,50891.11,47100,50441.92,36126018722,9.53397E+11
12/7/2021,50441.91,51936.33,50039.74,50588.95,30083305920,9.56961E+11
12/8/2021,50588.95,51200,48600,50471.19,26590164539,9.548E+11
12/9/2021,50471.19,50797.76,47320,47545.59,27269362515,9.04878E+11
12/10/2021,47535.9,50125,46852,47140.54,29611257205,8.9392E+11
12/11/2021,47140.54,49485.71,46751,49389.99,24619129767,9.30604E+11
12/12/2021,49389.99,50777,48638,50053.9,19871029748,9.45932E+11
12/13/2021,50053.9,50189.97,45672.75,46702.75,29628245402,8.8257E+11
12/14/2021,46702.76,48700.41,46290,48343.28,30152105690,9.15016E+11
12/15/2021,48336.95,49500,46547,48864.98,33782603071,9.25006E+11
12/16/2021,48864.98,49436.43,47511,47632.38,24699414444,9.01558E+11
12/17/2021,47632.38,47995.96,45456,46131.2,30617760444,8.75783E+11
12/18/2021,46133.83,47392.37,45500,46834.48,23305069270,8.87944E+11
12/19/2021,46834.47,48300.01,46406.91,46681.23,23002876886,8.84906E+11
12/20/2021,46681.24,47537.57,45558.85,46914.16,29356191956,8.90809E+11
12/21/2021,46914.17,49328.96,46630,48889.88,25764127608,9.29204E+11
12/22/2021,48887.59,49576.13,48421.87,48588.16,21887790446,9.21888E+11
12/23/2021,48588.17,51375,47920.42,50838.81,26419703745,9.60809E+11
12/24/2021,50838.82,51810,50384.43,50820,22535489970,9.62312E+11
12/25/2021,50819.99,51156.23,50142.32,50399.66,17235296606,9.581E+11
12/26/2021,50399.67,51280,49412,50775.49,19632044502,9.61724E+11
12/27/2021,50775.48,52088,50449,50701.44,22793878137,9.60281E+11
12/28/2021,50701.44,50704.05,47313.01,47543.74,29538983233,9.02656E+11
12/29/2021,47543.74,48139.08,46096.99,46464.66,26348739119,8.74314E+11
12/30/2021,46464.66,47900,45900,47120.87,23753871435,8.92649E+11
12/31/2021,47120.88,48548.26,45678,46216.93,25895349605,8.76193E+11
1/1/2022,46216.93,47954.63,46208.37,47722.65,18904585811,9.04552E+11
1/2/2022,47722.66,47990,46654,47286.18,33756128242,8.97536E+11
1/3/2022,47286.18,47570,45696,46446.1,21890019532,8.8033E+11
1/4/2022,46446.1,47557.54,45500,45832.01,24895990584,8.76243E+11
1/5/2022,45832.01,47070,42500,43451.13,31837641246,8.27723E+11
1/6/2022,43451.14,43816,42430.58,43082.31,26366602397,8.19523E+11
1/7/2022,43082.3,43145.83,40610,41566.48,79685254648,7.87736E+11
1/8/2022,41566.48,42300,40501,41679.74,23337017233,7.92893E+11
1/9/2022,41679.74,42786.7,41200.02,41864.62,18016718174,7.91649E+11
1/10/2022,41864.62,42248.5,39650,41822.49,27984634062,7.92408E+11
1/11/2022,41822.49,43100,41268.93,42729.29,22813557398,8.09622E+11
1/12/2022,42729.29,44322,42450,43902.66,28250302540,8.3246E+11
1/13/2022,43902.65,44500,42311.22,42560.11,43905745871,8.06511E+11
1/14/2022,42558.35,43448.78,41725.95,43059.96,20238314435,8.16129E+11
1/15/2022,43059.96,43800,42555,43084.29,14651008625,8.168E+11
1/16/2022,43084.29,43475,42581.79,43071.66,14452346389,8.16326E+11
1/17/2022,43071.66,43176.18,41540.42,42201.62,17694929626,8.00823E+11
1/18/2022,42201.63,42691,41250,42352.12,18897950050,8.03962E+11
1/19/2022,42352.12,42559.13,41138.56,41660.01,19626113310,7.90508E+11
1/20/2022,41660,43505,40553.31,40680.91,20930163211,7.74236E+11
1/21/2022,40680.92,41100,35440.45,36445.31,38296960033,6.92855E+11
1/22/2022,36445.31,36835.22,34008,35071.42,35517336417,6.66221E+11
1/23/2022,35071.42,36499,34601.01,36244.55,22865032969,6.87576E+11
1/24/2022,36244.55,37550,32917.17,36660.35,36385158449,6.96465E+11
1/25/2022,36660.35,37545.14,35701,36958.32,46168918585,7.00571E+11
1/26/2022,36958.32,38919.98,36234.63,36809.34,26756873750,7.00166E+11
1/27/2022,36807.24,37234.47,35507.01,37160.1,22057410457,7.02311E+11
1/28/2022,37160.11,38000,36155.01,37716.56,19214103304,7.17027E+11
1/29/2022,37716.57,38720.74,37268.44,38166.84,14178650232,7.22829E+11
1/30/2022,38166.83,38359.26,37351.63,37881.76,11807185114,7.1957E+11
1/31/2022,37881.75,38744,36632.61,38466.9,17731563487,7.27905E+11
2/1/2022,38466.9,39265.2,38000,38694.59,17109120250,7.36102E+11
2/2/2022,38694.59,38855.92,36586.95,36896.36,16709908527,7.00646E+11
2/3/2022,36896.37,37387,36250,37311.61,16136299995,7.03003E+11
2/4/2022,37311.98,41772.33,37026.73,41574.25,25347215344,7.77355E+11
2/5/2022,41571.7,41913.69,40843.01,41382.59,16752051696,7.86295E+11
2/6/2022,41382.6,42656,41116.56,42380.87,13206494655,8.04942E+11
2/7/2022,42380.87,44500.5,41645.85,43839.99,24171856714,8.33393E+11
2/8/2022,43839.99,45492,42666,44042.99,29024977265,8.37407E+11
2/9/2022,44043,44799,43117.92,44372.72,19780565063,8.4134E+11
2/10/2022,44372.71,45821,43174.01,43495.44,27877618434,8.26942E+11
2/11/2022,43495.44,43920,41938.51,42373.73,23279080010,8.03707E+11
2/12/2022,42373.73,43079.49,41688.88,42217.87,15479727289,7.99547E+11
2/13/2022,42217.87,42760,41870,42053.66,12146423251,8.0206E+11
2/14/2022,42053.65,42842.4,41550.56,42535.94,18090873763,8.08281E+11
2/15/2022,42535.94,44751.4,42427.03,44544.86,19801081789,8.48321E+11
2/16/2022,44544.85,44549.97,43307,43873.56,16847003857,8.36256E+11
2/17/2022,43873.56,44164.71,40073.21,40515.7,22270664615,7.70097E+11
2/18/2022,40515.71,40959.88,39450,39974.44,20130002755,7.59882E+11
2/19/2022,39974.45,40444.32,39639.03,40079.17,11735183838,7.61447E+11
2/20/2022,40079.17,40125.44,38000,38386.89,15998424231,7.30382E+11
2/21/2022,38386.89,39494.35,36800,37008.16,25174914104,7.03004E+11
2/22/2022,37008.16,38429,36350,38230.33,22212181617,7.27094E+11
2/23/2022,38230.33,39249.93,37036.79,37250.01,18507851468,7.08829E+11
2/24/2022,37250.02,39843,34322.28,38327.21,40839699481,7.27658E+11
2/25/2022,38328.68,39683.53,38014.37,39219.17,22579249142,7.45763E+11
2/26/2022,39219.16,40348.45,38573.18,39116.72,14568201295,7.41084E+11
2/27/2022,39116.73,39855.7,37000,37699.07,19424397946,7.1762E+11
2/28/2022,37699.08,44225.84,37450.17,43160,30634280855,8.19019E+11
3/1/2022,43160,44949,42809.98,44421.2,27880763034,8.41254E+11
3/2/2022,44421.2,45400,43334.09,43892.98,25615956856,8.34438E+11
3/3/2022,43892.99,44101.12,41832.28,42454,22366184129,8.07455E+11
3/4/2022,42454,42527.3,38550,39148.66,25121267306,7.4381E+11
3/5/2022,39148.65,39613.24,38407.59,39397.96,14818212145,7.48197E+11
3/6/2022,39397.97,39693.87,38088.57,38420.81,16995562041,7.29502E+11
3/7/2022,38420.8,39547.57,37155,37988,24596395439,7.23199E+11
3/8/2022,37988.01,39362.08,37867.65,38730.63,22556397749,7.35454E+11
3/9/2022,38730.63,42594.06,38656.45,41941.71,29211702119,7.9685E+11
3/10/2022,41941.7,42039.63,38539.73,39422,27653455219,7.49384E+11
3/11/2022,39422.01,40236.26,38223.6,38729.57,23624165275,7.38268E+11
3/12/2022,38729.57,39486.71,38660.52,38807.36,12440826654,7.38457E+11
3/13/2022,38807.35,39310,37578.51,37777.34,14461647576,7.18551E+11
3/14/2022,37777.35,39947.12,37555,39671.37,21250969229,7.51354E+11
3/15/2022,39671.37,39887.61,38098.33,39280.33,20768829818,7.47642E+11
3/16/2022,39280.33,41718,38828.48,41114,34974203469,7.79761E+11
3/17/2022,41114.01,41478.82,40500,40917.9,18861644943,7.78474E+11
3/18/2022,40917.89,42325.02,40135.04,41757.51,30316128166,7.94379E+11
3/19/2022,41757.51,42400,41499.29,42201.13,16580741572,8.00888E+11
3/20/2022,42201.13,42296.26,40911,41262.11,16856192302,7.84054E+11
3/21/2022,41262.11,41544.22,40467.94,41002.25,21335882483,7.79205E+11
3/22/2022,41002.26,43361,40875.51,42364.13,28688623151,8.03937E+11
3/23/2022,42364.13,43025.96,41751.47,42882.76,21851891599,8.10894E+11
3/24/2022,42882.76,44220.89,42560.46,43991.46,26212783704,8.34251E+11
3/25/2022,43991.46,45094.14,43579,44313.16,26147756108,8.42032E+11
3/26/2022,44313.16,44792.99,44071.97,44511.27,13676534294,8.45235E+11
3/27/2022,44511.27,46999,44421.46,46827.76,22545392530,8.87283E+11
3/28/2022,46827.76,48189.84,46663.56,47122.21,30051327357,8.92748E+11
3/29/2022,47122.21,48096.47,46950.85,47434.8,26128040681,9.0143E+11
3/30/2022,47434.79,47700.22,46445.42,47067.99,24497248306,8.95356E+11
3/31/2022,47067.99,47600,45200,45510.34,27736469646,8.6501E+11
4/1/2022,45510.35,46720.09,44200,46283.49,32948605532,8.79144E+11
4/2/2022,46283.49,47213,45620,45811,24803837260,8.7105E+11
4/3/2022,45810.99,47444.11,45530.92,46407.35,21510196790,8.82347E+11
4/4/2022,46407.36,46890.71,45118,46580.51,28019309651,8.85585E+11
4/5/2022,46580.5,47200,45353.81,45497.55,25474063862,8.67247E+11
4/6/2022,45497.54,45507.14,43121,43170.47,34113818642,8.20983E+11
4/7/2022,43170.47,43900.99,42727.35,43444.19,22960138784,8.27033E+11
4/8/2022,43444.2,43970.62,42107.14,42252.01,24202906401,8.04272E+11
4/9/2022,42252.02,42800,42125.48,42753.97,13949535312,8.12734E+11
4/10/2022,42753.96,43410.3,41868,42158.85,14936318819,8.03575E+11
4/11/2022,42158.85,42414.71,39200,39530.45,30168665078,7.52681E+11
4/12/2022,39530.45,40699,39254.63,40074.94,27804694935,7.64315E+11
4/13/2022,40074.95,41561.31,39588.54,41147.79,25453869986,7.83561E+11
4/14/2022,41147.78,41500,39551.94,39942.38,22744792147,7.59703E+11
4/15/2022,39942.37,40870.36,39766.4,40551.9,22053774554,7.71667E+11
4/16/2022,40551.9,40709.35,39991.55,40378.71,15777789210,7.7044E+11
4/17/2022,40378.7,40595.67,39546.17,39678.12,16627779442,7.55627E+11
4/18/2022,39678.11,41116.73,38536.51,40801.13,30617039400,7.76463E+11
4/19/2022,40801.13,41760,40571,41493.18,22717772925,7.89142E+11
4/20/2022,41493.19,42199,40820,41358.19,24937668255,7.87437E+11
4/21/2022,41358.19,42976,39751,40480.01,32131220616,7.70787E+11
4/22/2022,40480.01,40795.06,39177,39709.18,46022063019,7.56144E+11
4/23/2022,39709.19,39980,39285,39441.6,15010797472,7.52414E+11
4/24/2022,39441.61,39940,38929.62,39450.13,16778683768,7.52446E+11
4/25/2022,39450.12,40616,38200,40426.08,32883645914,7.70112E+11
4/26/2022,40426.08,40797.31,37702.26,38112.65,31053018153,7.25435E+11
4/27/2022,38112.64,39474.72,37881.31,39235.72,28170490246,7.46473E+11
4/28/2022,39235.72,40372.63,38881.43,39742.07,31484572271,7.56091E+11
4/29/2022,39742.06,39925.25,38175,38596.11,27758348826,7.3583E+11
4/30/2022,38596.11,38795.38,37578.2,37630.8,20955789685,7.19611E+11
5/1/2022,37630.8,38675,37386.38,38468.35,24857664487,7.33295E+11
5/2/2022,38468.35,39167.34,38052,38525.16,29825308569,7.33788E+11
5/3/2022,38525.16,38651.51,37517.8,37728.95,23070122642,7.18542E+11
5/4/2022,37728.95,40023.77,37670,39690,31748901527,7.55764E+11
5/5/2022,39690,39845.51,35571.9,36552.97,37402043366,6.96021E+11
5/6/2022,36552.97,36675.63,35258,36013.77,32223287014,6.87093E+11
5/7/2022,36013.77,36146.3,34785,35472.39,19130720395,6.78702E+11
5/8/2022,35472.4,35514.22,33713.95,34038.4,30810576502,6.48514E+11
5/9/2022,34038.39,34243.15,30033.33,30076.31,58369928594,5.76198E+11
5/10/2022,30074.23,32658.99,29730.4,31017.1,54071363210,5.90644E+11
5/11/2022,31017.11,32162.59,27785,29103.94,65985702702,5.49294E+11
5/12/2022,29103.94,30243,26700,29029.75,61338080284,5.55266E+11
5/13/2022,29029.74,31083.37,28751.67,29287.05,71541696924,5.58053E+11
5/14/2022,29287.05,30343.27,28630,30086.74,25759546764,5.73778E+11
5/15/2022,30086.74,31460,29480,31328.89,22948123704,5.96346E+11
5/16/2022,31328.89,31328.9,29087.04,29874.01,28418179221,5.69802E+11
5/17/2022,29874.01,30788.37,29450.38,30444.93,24964703224,5.81273E+11
5/18/2022,30444.93,30709.99,28654.47,28715.32,26219431165,5.47927E+11
5/19/2022,28715.33,30545.18,28691.38,30319.23,29190056577,5.78678E+11
5/20/2022,30319.22,30777.33,28730,29201.01,25980877920,5.57202E+11
5/21/2022,29201.01,29656.18,28947.28,29445.06,13561006428,5.61696E+11
5/22/2022,29445.07,30487.99,29255.11,30293.94,17199930155,5.7809E+11
5/23/2022,30293.93,30670.51,28866.35,29109.15,26646754325,5.55459E+11
5/24/2022,29109.14,29845.86,28669,29654.58,23486436837,5.64885E+11
5/25/2022,29654.58,30223.74,29294.21,29542.15,23108764916,5.63577E+11
5/26/2022,29542.14,29886.64,28019.56,29201.35,31972044692,5.59066E+11
5/27/2022,29201.35,29397.66,28282.9,28629.8,31756305901,5.45753E+11
5/28/2022,28629.81,29266,28450,29031.33,15406515373,5.54939E+11
5/29/2022,29031.33,29587.78,28839.21,29468.1,14496111398,5.61771E+11
5/30/2022,29468.1,32222,29299.62,31734.22,34891305295,6.04927E+11
5/31/2022,31734.23,32399,31200.01,31801.04,29770567353,6.07393E+11
6/1/2022,31801.05,31982.97,29301,29805.83,35553330792,5.69002E+11
6/2/2022,29805.84,30689,29594.55,30452.62,24232399986,5.80863E+11
6/3/2022,30452.63,30699,29282.36,29700.21,21997859591,5.66276E+11
6/4/2022,29700.21,29988.88,29485,29864.04,12911383482,5.6834E+11
6/5/2022,29864.03,30189,29531.42,29919.21,13395229055,5.7021E+11
6/6/2022,29919.2,31765.64,29890.23,31373.1,27644798123,5.97967E+11
6/7/2022,31373.1,31589.6,29218.96,31125.33,36111325508,5.97206E+11
6/8/2022,31125.32,31327.22,29843.88,30204.77,27080284929,5.76239E+11
6/9/2022,30204.77,30700,29944.1,30109.93,18871591862,5.7382E+11
6/10/2022,30109.93,30382.8,28850,29091.88,25663085729,5.54623E+11
6/11/2022,29091.87,29440.41,28099.99,28424.7,22518366770,5.40789E+11
6/12/2022,28424.71,28544.96,26560,26574.53,29834061116,5.14202E+11
6/13/2022,26574.53,26895.84,21925.77,22487.41,64852526179,4.29492E+11
6/14/2022,22485.27,23362.88,20846,22136.41,47639470968,4.23044E+11
6/15/2022,22136.42,22800,20111.62,22583.72,52027211447,4.29888E+11
6/16/2022,22583.72,22995.73,20232,20401.31,27449277946,3.89182E+11
6/17/2022,20400.6,21365.43,20246.66,20468.81,24232922585,3.91442E+11
6/18/2022,20468.81,20792.06,17622,18970.79,38920632524,3.62304E+11
6/19/2022,18970.79,20815.95,17960.41,20574,32488136326,3.90555E+11
6/20/2022,20574,21090,19637.03,20573.89,28346447997,3.92793E+11
6/21/2022,20573.9,21723,20348.4,20723.52,25340643363,3.9506E+11
6/22/2022,20723.51,20900,19770.51,19987.99,24955466738,3.81616E+11
6/23/2022,19988,21233,19890.07,21110.13,23655104387,4.02496E+11
6/24/2022,21110.12,21558.41,20736.72,21237.69,21955656696,4.07086E+11
6/25/2022,21237.68,21614.5,20906.62,21491.19,16152442749,4.10111E+11
6/26/2022,21491.18,21888,20964.73,21038.07,15392697878,4.01646E+11
6/27/2022,21038.08,21539.85,20510,20742.56,17719011288,3.95915E+11
6/28/2022,20742.57,21212.1,20202.01,20281.29,18161209601,3.86607E+11
6/29/2022,20281.28,20432.31,19854.92,20123.01,20744333507,3.84068E+11
6/30/2022,20123,20179.08,18626,19942.21,22816515395,3.65984E+11
7/1/2022,19942.21,20918.35,18975,19279.8,28756781115,3.70917E+11
7/2/2022,19279.8,19467.39,18977.01,19252.81,15601715001,3.67707E+11
7/3/2022,19252.82,19647.63,18781,19315.83,13976969844,3.68549E+11
7/4/2022,19315.83,20354.01,19055.31,20236.71,18634860046,3.86425E+11
7/5/2022,20236.71,20750,19304.4,20175.83,23623270106,3.85302E+11
7/6/2022,20175.84,20675.22,19761.25,20564.51,21755499642,3.9248E+11
7/7/2022,20564.51,21838.1,20251.68,21624.98,21927087503,4.14056E+11
7/8/2022,21624.99,22527.37,21189.26,21594.75,46645398901,4.1769E+11
7/9/2022,21594.75,21980,21322.12,21591.83,26211587452,4.1246E+11
7/10/2022,21592.15,21607.65,20655,20862.47,25037950754,3.9825E+11
7/11/2022,20861.11,20868.48,19875.23,19963.61,21319467249,3.82E+11
7/12/2022,19963.61,20059.42,19240,19328.75,22074971578,3.70192E+11
7/13/2022,19331.28,20366.61,18910.94,20234.87,28560004361,3.85463E+11
7/14/2022,20234.87,20900,19616.07,20588.84,28732413537,3.93104E+11
7/15/2022,20588.84,21200,20382.29,20830.04,46542248374,3.97285E+11
7/16/2022,20830.04,21588.94,20478.61,21195.6,42051101695,4.04706E+11
7/17/2022,21195.6,21684.54,20750.01,20798.16,29615794461,3.97661E+11
7/18/2022,20799.58,22777.63,20762.45,22432.58,58636734705,4.25757E+11
7/19/2022,22432.58,23800,21579.54,23396.62,57338223362,4.45889E+11
7/20/2022,23398.48,24276.74,22906.19,23223.3,40775718994,4.4613E+11
7/21/2022,23223.3,23442.77,22341.46,23152.19,63224249258,4.4238E+11
7/22/2022,23152.19,23756.49,22500,22684.83,40304373301,4.33486E+11
7/23/2022,22684.83,23000.77,21934.57,22451.07,42519262113,4.29803E+11
7/24/2022,22448.58,23014.64,22257.15,22579.68,33108916659,4.3382E+11
7/25/2022,22577.13,22666,21250,21310.9,42667548129,4.0748E+11
7/26/2022,21310.9,21347.82,20706.5,21254.67,53995620035,4.05692E+11
7/27/2022,21254.67,23112.63,21042.53,22952.45,54498281944,4.37194E+11
7/28/2022,22954.31,24199.72,22582.13,23842.93,55609627981,4.54807E+11
7/29/2022,23845.25,24442.66,23414.03,23773.75,41089335196,4.59609E+11
7/30/2022,23777.28,24668,23502.25,23643.51,62102072347,4.51727E+11
7/31/2022,23644.64,24194.82,23227.31,23293.32,31786729326,4.47051E+11
8/1/2022,23296.36,23509.68,22850,23268.01,44489771147,4.45959E+11
8/2/2022,23266.9,23459.89,22654.37,22987.79,35151096517,4.40955E+11
8/3/2022,22985.93,23647.68,22681.22,22818.37,41334593234,4.37036E+11
8/4/2022,22816.91,23223.32,22400,22622.98,23624874220,4.32421E+11
8/5/2022,22622.41,23472.86,22586.95,23312.42,27040190910,4.43822E+11
8/6/2022,23313.56,23354.36,22909.52,22954.21,14439694271,4.39415E+11
8/7/2022,22954.21,23402,22844.62,23174.39,14324042469,4.42979E+11
8/8/2022,23174.39,24245,23154.25,23810,27756736787,4.55451E+11
8/9/2022,23810.98,23933.25,22865,23149.95,29738069338,4.43383E+11
8/10/2022,23151.32,24226,22664.69,23954.05,32215976526,4.5727E+11
8/11/2022,23954.05,24918.54,23852.13,23934.39,33892871244,4.58071E+11
8/12/2022,23933.09,24456.5,23583,24403.68,25195193357,4.66766E+11
8/13/2022,24401.7,24888,24291.22,24441.38,22240559960,4.67078E+11
8/14/2022,24443.06,25047.56,24144,24305.24,21287616856,4.64896E+11
8/15/2022,24305.25,25211.32,23773.22,24094.82,33404812508,4.62437E+11
8/16/2022,24093.04,24247.49,23671.22,23854.74,24971300201,4.56791E+11
8/17/2022,23856.15,24446.71,23180.4,23342.66,29567403252,4.47016E+11
8/18/2022,23342.66,23600,23111.04,23191.2,20228208349,4.44846E+11
8/19/2022,23191.45,23208.67,20783.57,20834.39,35142410593,4.0081E+11
8/20/2022,20834.39,21382.85,20761.9,21140.07,23809679191,4.04925E+11
8/21/2022,21140.07,21800,21069.11,21515.61,20476237108,4.13579E+11
8/22/2022,21516.7,21548.71,20890.18,21399.83,28856912427,4.08409E+11
8/23/2022,21400.75,21684.87,20890.14,21529.12,29331102122,4.12338E+11
8/24/2022,21529.11,21900,21145,21368.08,26855905243,4.09503E+11
8/25/2022,21368.05,21819.88,21310.15,21559.04,26767966536,4.13843E+11
8/26/2022,21559.04,21886.77,20107.9,20241.05,34910727805,3.87215E+11
8/27/2022,20239.14,20402.93,19800,20037.6,24463219415,3.83791E+11
8/28/2022,20037.6,20171.18,19520,19555.61,19781826309,3.76181E+11
8/29/2022,19555.61,20433.62,19550.79,20285.73,28706315246,3.89119E+11
8/30/2022,20287.2,20576.25,19540,19811.66,30308993725,3.79555E+11
8/31/2022,19813.03,20490,19797.94,20050.02,27825786160,3.83348E+11
9/1/2022,20048.44,20208.37,19565.66,20131.46,25616737336,3.85028E+11
9/2/2022,20132.64,20441.26,19755.29,19951.86,24078042298,3.81788E+11
9/3/2022,19950.98,20055.93,19652.72,19831.9,20048153187,3.79422E+11
9/4/2022,19832.45,20029.23,19583.1,20000.3,21537524477,3.82421E+11
9/5/2022,20000.3,20057.27,19633.83,19796.84,23522961655,3.78685E+11
9/6/2022,19795.34,20180,18649.51,18790.61,39940310406,3.6121E+11
9/7/2022,18790.61,19464.06,18510.77,19292.84,30517907004,3.6934E+11
9/8/2022,19292.85,19458.25,19012,19319.77,28936941008,3.69723E+11
9/9/2022,19320.54,21597.22,19291.75,21360.11,42487059055,4.08976E+11
9/10/2022,21361.62,21810.8,21111.13,21648.34,35941349745,4.15975E+11
9/11/2022,21647.21,21860,21350,21826.87,31266252145,4.16074E+11
9/12/2022,21826.87,22488,21538.51,22395.74,44006486689,4.27474E+11
9/13/2022,22395.44,22799,19860,20173.57,46489890915,3.8653E+11
9/14/2022,20173.62,20541.48,19617.62,20226.71,35789015870,3.87486E+11
9/15/2022,20227.17,20330.24,19497,19701.88,33715957207,3.77719E+11
9/16/2022,19701.88,19890,19320.01,19803.3,30187737710,3.77989E+11
9/17/2022,19803.3,20189,19748.08,20113.62,23394494074,3.85487E+11
9/18/2022,20112.61,20117.26,19335.62,19416.18,28689764414,3.72598E+11
9/19/2022,19417.45,19686.2,18232.56,19537.02,39507938865,3.74524E+11
9/20/2022,19537.02,19634.62,18711.87,18875,33890591850,3.61981E+11
9/21/2022,18874.31,19956,18125.98,18461.36,41059997265,3.55194E+11
9/22/2022,18461.36,19550.17,18356.39,19401.63,37660914390,3.72076E+11
9/23/2022,19401.63,19500,18531.42,19289.91,35506139424,3.70913E+11
9/24/2022,19288.57,19316.14,18805.34,18920.5,24644354422,3.63169E+11
9/25/2022,18921.99,19180.21,18629.2,18807.38,21516374223,3.60257E+11
9/26/2022,18809.13,19318.96,18680.72,19227.82,42560193944,3.67613E+11
9/27/2022,19226.68,20385.86,18816.32,19079.13,52482615484,3.66383E+11
9/28/2022,19078.1,19790,18471.28,19412.82,47494258190,3.72892E+11
9/29/2022,19412.82,19645.52,18843.01,19591.51,37537716230,3.74831E+11
9/30/2022,19590.54,20185,19155.36,19422.61,37848666331,3.73222E+11
10/1/2022,19422.61,19484,19159.42,19310.95,15943514603,3.70205E+11
10/2/2022,19312.24,19395.91,18920.35,19056.8,17859684588,3.66196E+11
10/3/2022,19057.74,19719.1,18959.68,19629.08,26634227152,3.75768E+11
10/4/2022,19629.08,20475,19490.6,20337.82,30974520028,3.90178E+11
10/5/2022,20337.82,20365.6,19730,20158.26,29366342083,3.86369E+11
10/6/2022,20158.26,20456.6,19853,19960.67,31354758329,3.82506E+11
10/7/2022,19960.67,20068.82,19320,19530.09,25445042398,3.73171E+11
10/8/2022,19530.09,19627.38,19237.14,19417.96,12996183216,3.72392E+11
10/9/2022,19416.52,19558,19316.04,19439.02,14404623229,3.72265E+11
10/10/2022,19439.96,19525,19020.25,19131.87,23743487601,3.67207E+11
10/11/2022,19131.87,19268.09,18860,19060,25102717821,3.65119E+11
10/12/2022,19060,19238.31,18965.88,19155.53,22339104401,3.67302E+11
10/13/2022,19155.1,19513.79,18190,19375.13,37194496438,3.71647E+11
10/14/2022,19375.58,19951.87,19070.37,19176.93,34806651159,3.67585E+11
10/15/2022,19176.93,19227.68,18975.18,19069.39,13103099352,3.6587E+11
10/16/2022,19068.4,19425.84,19063.74,19262.98,15683330320,3.69553E+11
10/17/2022,19262.98,19676.96,19152.03,19549.86,23713928578,3.75052E+11
10/18/2022,19548.48,19706.66,19091,19327.44,25848175159,3.71197E+11
10/19/2022,19327.44,19360.16,19065.97,19123.97,23047051893,3.67085E+11
10/20/2022,19123.35,19347.82,18900,19041.92,25712511232,3.65099E+11
10/21/2022,19041.92,19250,18650,19164.37,30297335038,3.67999E+11
10/22/2022,19164.37,19257,19112.72,19204.35,13362526958,3.68485E+11
10/23/2022,19204.29,19695,19070.11,19570.4,19928822961,3.75197E+11
10/24/2022,19570.4,19601.15,19157,19329.72,28657172009,3.70623E+11
10/25/2022,19330.6,20415.87,19237,20080.07,39846253139,3.85477E+11
10/26/2022,20079.02,21020,20050.41,20771.59,50667020408,3.98675E+11
10/27/2022,20771.61,20872.21,20200,20295.11,41829789298,3.89239E+11
10/28/2022,20295.11,20750,20000.09,20591.84,36165609165,3.95201E+11
10/29/2022,20591.84,21085,20554.01,20809.67,32806216911,3.99135E+11
10/30/2022,20809.68,20931.21,20515,20627.48,24707906149,3.95548E+11
10/31/2022,20627.48,20845.92,20237.95,20490.74,37290619695,3.93311E+11
11/1/2022,20490.74,20700,20330.74,20483.62,32262771911,3.93218E+11
11/2/2022,20482.81,20800,20048.04,20151.84,44539856162,3.87016E+11
11/3/2022,20151.84,20393.32,20031.24,20207.82,36562782564,3.87756E+11
11/4/2022,20207.12,21302.05,20180.96,21148.52,33773463079,4.05988E+11
11/5/2022,21148.52,21480.65,21080.65,21299.37,31061573101,4.08893E+11
11/6/2022,21299.37,21365.27,20886.13,20905.58,50602704771,4.01869E+11
11/7/2022,20905.58,21069.77,20384.89,20591.13,91750982446,3.95169E+11
11/8/2022,20590.67,20700.88,17166.83,18547.23,92144963385,3.56872E+11
11/9/2022,18545.38,18587.76,15588,15922.81,74978675391,3.01964E+11
11/10/2022,15922.68,18199,15754.26,17601.15,65200666543,3.36597E+11
11/11/2022,17602.45,17695,16361.6,17070.31,45030331311,3.25921E+11
11/12/2022,17069.98,17119.1,16631.39,16812.08,21893997141,3.22331E+11
11/13/2022,16813.16,16954.28,16229,16329.85,20411619109,3.13606E+11
11/14/2022,16331.78,17190,15815.21,16619.46,37539226046,3.20599E+11
11/15/2022,16617.72,17134.69,16527.72,16900.57,28676275679,3.24608E+11
11/16/2022,16900.57,17015.92,16378.61,16662.76,26922027947,3.20099E+11
11/17/2022,16661.61,16751,16410.74,16692.56,22011291267,3.21287E+11
11/18/2022,16692.56,17011,16546.04,16700.45,20942172141,3.20877E+11
11/19/2022,16699.43,16822.41,16553.53,16700.68,10844466290,3.21151E+11
11/20/2022,16700.68,16753.33,16180,16280.23,15680401750,3.13371E+11
11/21/2022,16279.5,16319,15476,15781.29,31057277097,3.03834E+11
11/22/2022,15781.29,16315,15616.63,16226.94,25091849199,3.11463E+11
11/23/2022,16227.96,16706,16160.2,16603.11,26858079944,3.19494E+11
11/24/2022,16603.11,16812.63,16458.05,16598.95,20949512927,3.1895E+11
11/25/2022,16599.55,16666,16342.81,16522.14,18933018588,3.1792E+11
11/26/2022,16521.35,16701.99,16385,16458.57,18243019110,3.16207E+11
11/27/2022,16457.61,16600,16401,16428.78,16551822516,3.16488E+11
11/28/2022,16428.77,16487.04,15995.27,16212.91,24566056814,3.11811E+11
11/29/2022,16212.18,16548.71,16100,16442.53,24663035431,3.16171E+11
11/30/2022,16442.91,17249,16428.3,17163.64,30676053555,3.30763E+11
12/1/2022,17165.53,17324,16855.01,16977.37,23319572025,3.26142E+11
12/2/2022,16978,17105.73,16787.85,17092.74,20945433172,3.28178E+11
12/3/2022,17092.13,17188.98,16858.74,16885.2,16931408154,3.26498E+11
12/4/2022,16885.2,17202.84,16878.25,17105.7,18214353301,3.29545E+11
12/5/2022,17106.65,17424.25,16867,16966.35,23204017214,3.26636E+11
12/6/2022,16966.35,17107.01,16906.37,17088.96,21026126511,3.28108E+11
12/7/2022,17088.96,17142.21,16678.83,16836.64,21192130006,3.24179E+11
12/8/2022,16836.64,17299,16733.49,17224.1,22674029585,3.3139E+11
12/9/2022,17224.1,17360,17058.21,17128.56,23179829829,3.29757E+11
12/10/2022,17128.56,17227.72,17092,17127.49,14234368490,3.29283E+11
12/11/2022,17127.49,17270.99,17071,17085.05,15681124919,3.28869E+11
12/12/2022,17085.05,17241.89,16871.85,17209.83,21633829199,3.30716E+11
12/13/2022,17208.93,18000,17080.14,17774.7,28941242218,3.42103E+11
12/14/2022,17775.82,18387.95,17660.94,17803.15,27267536669,3.42693E+11
12/15/2022,17804.01,17854.82,17275.51,17356.34,22754686788,3.33855E+11
12/16/2022,17356.96,17531.73,16527.32,16632.12,22250411215,3.18992E+11
12/17/2022,16631.5,16796.82,16579.85,16776.52,15086383816,3.23096E+11
12/18/2022,16777.54,16863.26,16663.07,16738.21,11134054723,3.22741E+11
12/19/2022,16739,16815.99,16256.3,16438.88,17719672545,3.1627E+11
12/20/2022,16438.88,17061.27,16397.2,16895.56,24938219698,3.2512E+11
12/21/2022,16896.15,16925,16723,16824.67,16062767787,3.23128E+11
12/22/2022,16824.68,16868.52,16559.85,16821.43,17847826942,3.23519E+11
12/23/2022,16821.9,16955.14,16731.13,16778.5,16765392450,3.23013E+11
12/24/2022,16778.52,16869.99,16776.62,16836.12,10169853734,3.24073E+11
12/25/2022,16835.73,16857.96,16721,16832.11,12574453969,3.23869E+11
12/26/2022,16832.11,16944.52,16791,16919.39,12574997282,3.25037E+11
12/27/2022,16919.39,16972.83,16592.37,16706.36,17436062122,3.21351E+11
12/28/2022,16706.06,16785.19,16465.33,16547.31,19113614756,3.18289E+11
12/29/2022,16547.32,16664.41,16488.91,16633.47,15683731677,3.20297E+11
12/30/2022,16633.47,16677.35,16333,16607.48,17497327983,3.19722E+11
12/31/2022,16607.48,16644.09,16470,16542.4,12013247678,3.18278E+11
1/1/2023,16541.77,16628,16499.01,16616.75,9799252684,3.19832E+11
1/2/2023,16617.17,16799.23,16548.7,16672.87,13023861028,3.21486E+11
1/3/2023,16672.78,16778.4,16605.28,16675.18,15367167883,3.21081E+11
1/4/2023,16675.65,16991.87,16652.66,16850.36,20836560772,3.24398E+11
1/5/2023,16850.36,16879.82,16753,16831.85,14919039445,3.24139E+11
1/6/2023,16831.85,17041,16679,16950.65,19046576250,3.26571E+11
1/7/2023,16950.31,16981.91,16908,16943.57,9594456673,3.26372E+11
1/8/2023,16943.83,17176.99,16911,17127.83,11841041543,3.28471E+11
1/9/2023,17127.83,17398.8,17104.66,17178.26,25532751567,3.31158E+11
1/10/2023,17179.04,17499,17146.34,17440.66,21858206845,3.35744E+11
1/11/2023,17440.64,18000,17315.6,17943.26,25439279073,3.45689E+11
1/12/2023,17943.26,19117.04,17892.05,18846.62,48025109150,3.63381E+11
1/13/2023,18846.62,20000,18714.12,19930.01,39514419053,3.82675E+11
1/14/2023,19930.01,21258,19888.05,20954.92,49498711312,4.0521E+11
1/15/2023,20952.76,21050.74,20551.01,20871.5,23072133988,4.01697E+11
1/16/2023,20872.99,21474.05,20611.48,21185.65,34809391746,4.0776E+11
1/17/2023,21185.65,21647.45,20841.31,21134.81,33278841337,4.07405E+11
1/18/2023,21132.29,21650,20407.15,20677.47,40612056909,3.9935E+11
1/19/2023,20677.47,21192,20659.19,21071.59,29144534678,4.06258E+11
1/20/2023,21071.59,22755.93,20861.28,22667.21,41321936669,4.36725E+11
1/21/2023,22666,23371.8,22422,22783.55,44077026804,4.38579E+11
1/22/2023,22783.35,23078.71,22292.37,22707.88,34124364415,4.3806E+11
1/23/2023,22706.02,23180,22500,22916.45,36750647386,4.42926E+11
1/24/2023,22917.81,23162.2,22462.93,22632.89,35621897293,4.35679E+11
1/25/2023,22631.94,23816.73,22300,23060.94,42772537175,4.46715E+11
1/26/2023,23060.42,23282.47,22850.01,23009.65,37099702812,4.44006E+11
1/27/2023,23009.65,23500,22534.88,23074.16,36109035905,4.44898E+11
1/28/2023,23074.16,23189,22878.46,23022.6,19567219824,4.43703E+11
1/29/2023,23021.4,23960.54,22967.76,23742.3,38438621264,4.58368E+11
1/30/2023,23743.37,23800.51,22500,22826.15,38594596832,4.39296E+11
1/31/2023,22827.38,23320,22714.77,23125.13,32683643418,4.45991E+11
2/1/2023,23125.13,23812.66,22760.23,23732.66,37452064508,4.57383E+11
2/2/2023,23731.41,24255,23363.27,23488.94,44735297657,4.53565E+11
2/3/2023,23489.33,23715.7,23204.62,23431.9,41267040611,4.52313E+11
2/4/2023,23431.9,23587.78,23253.96,23326.84,21063097082,4.50197E+11
2/5/2023,23327.66,23433.33,22743,22932.91,26678691425,4.42934E+11
2/6/2023,22932.91,23158.25,22628.13,22762.52,33963650031,4.38726E+11
2/7/2023,22762.52,23350.25,22745.78,23240.46,38850594359,4.49391E+11
2/8/2023,23242.42,23452,22665.85,22963,34247782006,4.42518E+11
2/9/2023,22961.85,23011.39,21688,21796.35,51161546272,4.20791E+11
2/10/2023,21797.83,21938.16,21451,21625.19,42389972640,4.17351E+11
2/11/2023,21625.19,21906.32,21599.78,21862.55,23574706406,4.22108E+11
2/12/2023,21862.02,22090,21630,21783.54,25877166001,4.20218E+11
2/13/2023,21782.37,21894.99,21351.07,21773.97,36761909546,4.20839E+11
2/14/2023,21774.63,22319.08,21532.77,22199.84,45363697020,4.28649E+11
2/15/2023,22199.84,24380,22047.28,24324.05,44336284482,4.6882E+11
2/16/2023,24322.87,25250,23505.25,23517.72,48144978044,4.59294E+11
2/17/2023,23517.72,25021.11,23339.37,24569.97,54200707341,4.75194E+11
2/18/2023,24568.24,24877,24430,24631.95,24900444765,4.7553E+11
2/19/2023,24632.05,25192,24192.57,24271.76,33664683478,4.70799E+11
2/20/2023,24272.51,25121.23,23840.83,24842.2,38997046274,4.78237E+11
2/21/2023,24843.89,25250,24148.34,24452.16,41991954878,4.70624E+11
2/22/2023,24450.67,24476.05,23574.69,24182.21,40336608135,4.65999E+11
2/23/2023,24182.21,24599.59,23608,23940.2,42356618035,4.61043E+11
2/24/2023,23940.2,24132.35,22841.19,23185.29,35081974267,4.47316E+11
2/25/2023,23184.04,23219.13,22722,23157.07,22999909593,4.4703E+11
2/26/2023,23157.07,23689.99,23059.18,23554.85,24469102669,4.54285E+11
2/27/2023,23554.85,23897.99,23106.77,23492.09,28832423816,4.54365E+11
2/28/2023,23492.09,23600,23020.97,23141.57,25534054046,4.4601E+11
3/1/2023,23141.57,24000,23020.03,23628.97,32507897259,4.56417E+11
3/2/2023,23629.76,23796.93,23195.9,23465.32,27432755758,4.53067E+11
3/3/2023,23465.32,23476.95,21971.13,22354.34,34239649135,4.31728E+11
3/4/2023,22354.34,22410,22157.08,22346.57,13392431932,4.31837E+11
3/5/2023,22346.57,22662.09,22189.22,22430.24,16080097920,4.33081E+11
3/6/2023,22430.24,22602.19,22258,22410,21124920006,4.32759E+11
3/7/2023,22409.41,22557.91,21927,22197.96,27780357943,4.27995E+11
3/8/2023,22198.56,22287,21580,21705.44,28493032425,4.19695E+11
3/9/2023,21704.37,21834.99,20042.72,20362.22,40173833478,3.92842E+11
3/10/2023,20362.21,20367.78,19549.09,20150.69,51593890225,3.90202E+11
3/11/2023,20150.69,20686.51,19765.03,20455.73,37746654240,3.94743E+11
3/12/2023,20455.73,22150,20270.6,21997.11,36639901909,4.25817E+11
3/13/2023,21998.05,24500,21813.88,24113.48,66799159802,4.66509E+11
3/14/2023,24112.27,26386.87,23976.42,24670.41,70714394276,4.78406E+11
3/15/2023,24670.41,25196.97,23896.95,24285.66,63107437929,4.72834E+11
3/16/2023,24285.66,25167.4,24123,24998.78,60688056875,4.86376E+11
3/17/2023,24998.78,27756.84,24890,27395.13,64617615618,5.30038E+11
3/18/2023,27395.13,27724.85,26578,26907.49,46473651091,5.23262E+11
3/19/2023,26907.49,28390.1,26827.22,27972.87,46394763656,5.46681E+11
3/20/2023,27972.87,28472,27124.47,27717.01,55315948514,5.38935E+11
3/21/2023,27717.01,28438.55,27303.1,28105.47,34430928756,5.45917E+11
3/22/2023,28107.81,28868.05,26601.8,27250.97,35394833934,5.30515E+11
3/23/2023,27250.97,28750,27105,28295.41,20360807195,5.49578E+11
3/24/2023,28295.42,28374.3,27000,27454.47,21551272690,5.33634E+11
3/25/2023,27454.46,27787.33,27156.09,27462.95,15053754845,5.34961E+11
3/26/2023,27462.96,28194.4,27417.76,27968.05,14450374261,5.42676E+11
3/27/2023,27968.05,28023.86,26508.14,27124.91,18519053232,5.25231E+11
3/28/2023,27124.9,27520,26631.78,27261.07,17658503319,5.28043E+11
3/29/2023,27261.06,28650,27240.1,28348.6,21097595427,5.48808E+11
3/30/2023,28348.6,29184.68,27686,28028.53,22702531379,5.4237E+11
3/31/2023,28028.53,28656.69,27511.71,28465.36,19112345640,5.51707E+11
4/1/2023,28465.36,28819.71,28220.27,28452.73,10085380789,5.5095E+11
4/2/2023,28452.74,28530,27856.43,28171.87,11682876587,5.45181E+11
4/3/2023,28171.87,28500.99,27200.24,27800,19711493345,5.39351E+11
4/4/2023,27800,28444.44,27662.79,28165.47,14871614373,5.44314E+11
4/5/2023,28165.47,28775,27805.1,28170.01,16507617904,5.4541E+11
4/6/2023,28170.01,28182.05,27711,28033.82,13079528995,5.42601E+11
4/7/2023,28033.83,28100,27766.94,27906.33,10141276804,5.40432E+11
4/8/2023,27906.34,28154.99,27859.02,27938.38,8844199146,5.41094E+11
4/9/2023,27938.38,28530,27800,28323.76,11429030270,5.48569E+11
4/10/2023,28323.76,29770,28170,29637.34,17475381731,5.7406E+11
4/11/2023,29637.35,30550,29590,30200.42,19554446817,5.84563E+11
